combo_id,rr_ratio,sl_atr_multiplier,breakeven_r,atr_vol_filter,require_daily_momentum,n_trades,win_rate,avg_r,trades_per_day,best_ev_per_day,best_account,best_scheme,best_eval_risk,best_funded_risk,best_pass_rate,screen_time_s
a00ebd240c36,0.75,0.75,0.0,0.0,False,369,0.5908,0.0318,0.5,0.8207,50K,pct_balance,0.4,0.6,0.379,126.47
c39d40efd5eb,0.75,0.75,0.0,0.0,True,165,0.5455,-0.048,0.5,-3.0556,50K,fixed_dollar,0.2,0.6,0.142,125.05
058934ca3a07,0.75,0.75,0.0,1.0,False,347,0.5879,0.0275,0.5,0.7042,50K,pct_balance,0.6,0.6,0.365,128.63
4253021401ac,0.75,0.75,0.0,1.0,True,155,0.5419,-0.0543,0.5,-3.2125,50K,fixed_dollar,0.2,0.6,0.137,128.38
2141264c5954,0.75,0.75,0.5,0.0,False,369,0.5908,0.0318,0.5,0.8207,50K,pct_balance,0.4,0.6,0.379,128.84
e734e1391f97,0.75,0.75,0.5,0.0,True,165,0.5455,-0.048,0.5,-3.0556,50K,fixed_dollar,0.2,0.6,0.142,127.4
94441aac82cb,0.75,0.75,0.5,1.0,False,347,0.5879,0.0275,0.5,0.7042,50K,pct_balance,0.6,0.6,0.365,129.21
a33de2aac9d9,0.75,0.75,0.5,1.0,True,155,0.5419,-0.0543,0.5,-3.2125,50K,fixed_dollar,0.2,0.6,0.137,128.32
6eb7eb42e27a,0.75,0.75,1.0,0.0,False,369,0.5908,0.0318,0.5,0.8207,50K,pct_balance,0.4,0.6,0.379,129.91
f9c4b300a792,0.75,0.75,1.0,0.0,True,165,0.5455,-0.048,0.5,-3.0556,50K,fixed_dollar,0.2,0.6,0.142,129.19
94868e0b90d4,0.75,0.75,1.0,1.0,False,347,0.5879,0.0275,0.5,0.7042,50K,pct_balance,0.6,0.6,0.365,130.28
c80d4c57d257,0.75,0.75,1.0,1.0,True,155,0.5419,-0.0543,0.5,-3.2125,50K,fixed_dollar,0.2,0.6,0.137,129.82
76245b74de34,0.75,1.0,0.0,0.0,False,369,0.6287,0.1001,0.5,8.3377,50K,fixed_dollar,0.4,0.6,0.496,128.92
0c4725a96f99,0.75,1.0,0.0,0.0,True,165,0.6,0.0466,0.5,1.3018,50K,pct_balance,0.4,0.6,0.378,128.12
bf5c34856796,0.75,1.0,0.0,1.0,False,347,0.6311,0.1023,0.5,9.6265,50K,fixed_dollar,0.4,0.6,0.519,129.13
cdacbfd130c0,0.75,1.0,0.0,1.0,True,155,0.6,0.0417,0.5,0.7503,50K,fixed_dollar,0.4,0.6,0.364,130.6
9a02ef5440f5,0.75,1.0,0.5,0.0,False,369,0.6287,0.1001,0.5,8.3377,50K,fixed_dollar,0.4,0.6,0.496,130.74
a9fad2ce3b82,0.75,1.0,0.5,0.0,True,165,0.6,0.0466,0.5,1.3018,50K,pct_balance,0.4,0.6,0.378,128.89
bb20b194e5f3,0.75,1.0,0.5,1.0,False,347,0.6311,0.1023,0.5,9.6265,50K,fixed_dollar,0.4,0.6,0.519,128.8
9c6265c8fb0b,0.75,1.0,0.5,1.0,True,155,0.6,0.0417,0.5,0.7503,50K,fixed_dollar,0.4,0.6,0.364,129.99
ec0ce7c9fa7d,0.75,1.0,1.0,0.0,False,369,0.6287,0.1001,0.5,8.3377,50K,fixed_dollar,0.4,0.6,0.496,128.64
a5743e4a2791,0.75,1.0,1.0,0.0,True,165,0.6,0.0466,0.5,1.3018,50K,pct_balance,0.4,0.6,0.378,128.58
aa6d31cacc17,0.75,1.0,1.0,1.0,False,347,0.6311,0.1023,0.5,9.6265,50K,fixed_dollar,0.4,0.6,0.519,128.41
ac2d3044f897,0.75,1.0,1.0,1.0,True,155,0.6,0.0417,0.5,0.7503,50K,fixed_dollar,0.4,0.6,0.364,126.44
c9b289df5d7b,0.75,1.25,0.0,0.0,False,366,0.6339,0.1147,0.5,12.4101,150K,fixed_dollar,0.6,0.6,0.401,136.01
c0ddf9b103df,0.75,1.25,0.0,0.0,True,164,0.6098,0.0674,0.5,5.4926,50K,fixed_dollar,0.6,0.6,0.396,127.05
64064ec10785,0.75,1.25,0.0,1.0,False,345,0.6348,0.1138,0.5,14.6222,150K,fixed_dollar,0.6,0.6,0.432,120.84
0f93a99d8001,0.75,1.25,0.0,1.0,True,154,0.6039,0.0522,0.5,3.2911,50K,fixed_dollar,0.6,0.6,0.378,15.62
f394338c90ed,0.75,1.25,0.5,0.0,False,366,0.6339,0.1147,0.5,14.456,150K,pct_balance,0.6,0.6,0.402,13.93
e69b0edcc696,0.75,1.25,0.5,0.0,True,164,0.6098,0.0674,0.5,5.2914,50K,fixed_dollar,0.6,0.6,0.43,14.14
d302d7227998,0.75,1.25,0.5,1.0,False,345,0.6348,0.1138,0.5,14.3626,150K,fixed_dollar,0.4,0.6,0.452,14.14
5a5df6c9f9e1,0.75,1.25,0.5,1.0,True,154,0.6039,0.0522,0.5,3.2911,50K,fixed_dollar,0.6,0.6,0.378,14.0
8020c3b6167f,0.75,1.25,1.0,0.0,False,366,0.6339,0.1147,0.5,14.456,150K,pct_balance,0.6,0.6,0.402,14.31
22ae6373afbe,0.75,1.25,1.0,0.0,True,164,0.6098,0.0674,0.5,5.2914,50K,fixed_dollar,0.6,0.6,0.43,13.99
105c5d4845c6,0.75,1.25,1.0,1.0,False,345,0.6348,0.1138,0.5,14.3626,150K,fixed_dollar,0.4,0.6,0.452,14.53
c9630edbc689,0.75,1.25,1.0,1.0,True,154,0.6039,0.0522,0.5,3.2911,50K,fixed_dollar,0.6,0.6,0.378,14.23
7480508e41b2,0.75,1.5,0.0,0.0,False,364,0.6401,0.1274,0.5,18.8393,150K,fixed_dollar,0.6,0.6,0.427,14.39
496ff2d68b71,0.75,1.5,0.0,0.0,True,158,0.6076,0.0642,0.5,6.6728,50K,pct_balance,0.6,0.6,0.411,14.22
a0a65745db9b,0.75,1.5,0.0,1.0,False,342,0.6462,0.1352,0.5,19.9173,150K,pct_balance,0.6,0.6,0.418,14.32
436437c5a6c1,0.75,1.5,0.0,1.0,True,148,0.6081,0.0599,0.5,6.1557,50K,fixed_dollar,0.6,0.6,0.4,14.48
949539da9e6d,0.75,1.5,0.5,0.0,False,364,0.6401,0.1274,0.5,18.8393,150K,fixed_dollar,0.6,0.6,0.427,16.66
78e013c15e74,0.75,1.5,0.5,0.0,True,158,0.6076,0.0642,0.5,6.6728,50K,pct_balance,0.6,0.6,0.411,19.12
651ab0dbf929,0.75,1.5,0.5,1.0,False,342,0.6462,0.1352,0.5,19.9173,150K,pct_balance,0.6,0.6,0.418,17.27
6554890ca7bd,0.75,1.5,0.5,1.0,True,148,0.6081,0.0599,0.5,6.1557,50K,fixed_dollar,0.6,0.6,0.4,18.13
42712b7a3493,0.75,1.5,1.0,0.0,False,364,0.6401,0.1274,0.5,18.8393,150K,fixed_dollar,0.6,0.6,0.427,20.15
76de878321e6,0.75,1.5,1.0,0.0,True,158,0.6076,0.0642,0.5,6.6728,50K,pct_balance,0.6,0.6,0.411,17.13
fddc6790d391,0.75,1.5,1.0,1.0,False,342,0.6462,0.1352,0.5,19.9173,150K,pct_balance,0.6,0.6,0.418,20.04
3064df128508,0.75,1.5,1.0,1.0,True,148,0.6081,0.0599,0.5,6.1557,50K,fixed_dollar,0.6,0.6,0.4,18.73
50b9180956c7,1.0,0.75,0.0,0.0,False,369,0.5447,0.0851,0.5,6.005,50K,pct_balance,0.4,0.6,0.429,17.57
f97440fc3306,1.0,0.75,0.0,0.0,True,165,0.497,-0.0136,0.5,-2.2939,50K,fixed_dollar,0.2,0.6,0.231,20.25
b7574a62160f,1.0,0.75,0.0,1.0,False,347,0.5418,0.08,0.5,4.6405,50K,pct_balance,0.4,0.6,0.426,17.52
bd82e0dbd86c,1.0,0.75,0.0,1.0,True,155,0.4903,-0.0274,0.5,-2.2374,50K,pct_balance,0.2,0.6,0.242,20.29
63f11ee66441,1.0,0.75,0.5,0.0,False,369,0.5447,0.0851,0.5,6.005,50K,pct_balance,0.4,0.6,0.429,20.33
9f8a3c879c2f,1.0,0.75,0.5,0.0,True,165,0.497,-0.0136,0.5,-2.2939,50K,fixed_dollar,0.2,0.6,0.231,17.09
607e3dccb5c5,1.0,0.75,0.5,1.0,False,347,0.5418,0.08,0.5,4.6405,50K,pct_balance,0.4,0.6,0.426,19.98
edb4c3cf8e72,1.0,0.75,0.5,1.0,True,155,0.4903,-0.0274,0.5,-2.2374,50K,pct_balance,0.2,0.6,0.242,18.11
716e993eb496,1.0,0.75,1.0,0.0,False,369,0.5447,0.0851,0.5,6.005,50K,pct_balance,0.4,0.6,0.429,19.33
8c0efe0f9dfa,1.0,0.75,1.0,0.0,True,165,0.497,-0.0136,0.5,-2.2939,50K,fixed_dollar,0.2,0.6,0.231,19.78
9e09ec5cbd73,1.0,0.75,1.0,1.0,False,347,0.5418,0.08,0.5,4.6405,50K,pct_balance,0.4,0.6,0.426,16.33
d4310f567c60,1.0,0.75,1.0,1.0,True,155,0.4903,-0.0274,0.5,-2.2374,50K,pct_balance,0.2,0.6,0.242,19.68
9eef768ec0a8,1.0,1.0,0.0,0.0,False,368,0.5571,0.114,0.5,10.4556,50K,fixed_dollar,0.4,0.6,0.495,20.45
75aa1f545edb,1.0,1.0,0.0,0.0,True,165,0.5152,0.0272,0.5,0.4068,50K,fixed_dollar,0.4,0.6,0.349,18.08
70f81f959a3c,1.0,1.0,0.0,1.0,False,346,0.5549,0.1078,0.5,11.1628,50K,fixed_dollar,0.4,0.6,0.469,20.35
65ca55c0978d,1.0,1.0,0.0,1.0,True,155,0.5097,0.0116,0.5,-0.0451,50K,fixed_dollar,0.4,0.4,0.347,17.27
0cbb374063e4,1.0,1.0,0.5,0.0,False,368,0.5571,0.114,0.5,10.4556,50K,fixed_dollar,0.4,0.6,0.495,20.44
9669f400f1b7,1.0,1.0,0.5,0.0,True,165,0.5152,0.0272,0.5,0.4068,50K,fixed_dollar,0.4,0.6,0.349,20.8
93183d0bab46,1.0,1.0,0.5,1.0,False,346,0.5549,0.1078,0.5,11.1628,50K,fixed_dollar,0.4,0.6,0.469,13.86
d18e5da06b2e,1.0,1.0,0.5,1.0,True,155,0.5097,0.0116,0.5,-0.0451,50K,fixed_dollar,0.4,0.4,0.347,13.66
da2a84260892,1.0,1.0,1.0,0.0,False,368,0.5571,0.114,0.5,10.4556,50K,fixed_dollar,0.4,0.6,0.495,13.31
6b3799463d22,1.0,1.0,1.0,0.0,True,165,0.5152,0.0272,0.5,0.4068,50K,fixed_dollar,0.4,0.6,0.349,13.27
2a979ac21e55,1.0,1.0,1.0,1.0,False,346,0.5549,0.1078,0.5,11.1628,50K,fixed_dollar,0.4,0.6,0.469,13.76
37bd141ef73c,1.0,1.0,1.0,1.0,True,155,0.5097,0.0116,0.5,-0.0451,50K,fixed_dollar,0.4,0.4,0.347,12.95
d54c646fa55b,1.0,1.25,0.0,0.0,False,366,0.5738,0.1547,0.5,17.444,150K,pct_balance,0.4,0.6,0.435,13.23
3a5f79883295,1.0,1.25,0.0,0.0,True,163,0.5583,0.1184,0.5,11.5438,50K,pct_balance,0.4,0.6,0.468,13.88
280e2b6ad4fd,1.0,1.25,0.0,1.0,False,345,0.5739,0.1527,0.5,16.175,150K,pct_balance,0.4,0.6,0.443,13.6
39904b043f41,1.0,1.25,0.0,1.0,True,154,0.5519,0.101,0.5,8.2824,50K,fixed_dollar,0.4,0.6,0.44,13.05
e995bc88e7b5,1.0,1.25,0.5,0.0,False,366,0.5738,0.1547,0.5,17.444,150K,pct_balance,0.4,0.6,0.435,13.05
d60f9a2f2cb0,1.0,1.25,0.5,0.0,True,163,0.5583,0.1184,0.5,11.5438,50K,pct_balance,0.4,0.6,0.468,13.66
9ceeea3b3945,1.0,1.25,0.5,1.0,False,345,0.5739,0.1527,0.5,16.175,150K,pct_balance,0.4,0.6,0.443,12.95
430c0f38da76,1.0,1.25,0.5,1.0,True,154,0.5519,0.101,0.5,8.2824,50K,fixed_dollar,0.4,0.6,0.44,13.02
e3119eedad25,1.0,1.25,1.0,0.0,False,366,0.5738,0.1547,0.5,17.444,150K,pct_balance,0.4,0.6,0.435,13.18
d0067b541925,1.0,1.25,1.0,0.0,True,163,0.5583,0.1184,0.5,11.5438,50K,pct_balance,0.4,0.6,0.468,13.04
d4b12f51ba92,1.0,1.25,1.0,1.0,False,345,0.5739,0.1527,0.5,16.175,150K,pct_balance,0.4,0.6,0.443,12.85
89a76ff07f72,1.0,1.25,1.0,1.0,True,154,0.5519,0.101,0.5,8.2824,50K,fixed_dollar,0.4,0.6,0.44,12.74
4ab4af988d89,1.0,1.5,0.0,0.0,False,363,0.5647,0.1335,0.5,13.5398,50K,fixed_dollar,0.4,0.6,0.492,12.69
555afb6f5d22,1.0,1.5,0.0,0.0,True,159,0.566,0.1328,0.5,13.1107,50K,pct_balance,0.6,0.6,0.421,12.98
13f180135523,1.0,1.5,0.0,1.0,False,342,0.5702,0.1414,0.5,14.4258,50K,fixed_dollar,0.4,0.6,0.489,12.9
be572750efa6,1.0,1.5,0.0,1.0,True,152,0.5592,0.114,0.5,10.9132,50K,fixed_dollar,0.4,0.6,0.45,13.08
58d018b740bd,1.0,1.5,0.5,0.0,False,363,0.5647,0.1335,0.5,13.5398,50K,fixed_dollar,0.4,0.6,0.492,12.74
dc0325b0874a,1.0,1.5,0.5,0.0,True,159,0.566,0.1328,0.5,13.1107,50K,pct_balance,0.6,0.6,0.421,12.68
5532ac071f22,1.0,1.5,0.5,1.0,False,342,0.5702,0.1414,0.5,14.4258,50K,fixed_dollar,0.4,0.6,0.489,13.22
b31f8ead4e36,1.0,1.5,0.5,1.0,True,152,0.5592,0.114,0.5,10.9132,50K,fixed_dollar,0.4,0.6,0.45,12.44
506fa5d11113,1.0,1.5,1.0,0.0,False,363,0.5647,0.1335,0.5,13.5398,50K,fixed_dollar,0.4,0.6,0.492,12.63
48ed0d5ad18b,1.0,1.5,1.0,0.0,True,159,0.566,0.1328,0.5,13.1107,50K,pct_balance,0.6,0.6,0.421,12.58
9866de89c06d,1.0,1.5,1.0,1.0,False,342,0.5702,0.1414,0.5,14.4258,50K,fixed_dollar,0.4,0.6,0.489,12.91
8b882572c914,1.0,1.5,1.0,1.0,True,152,0.5592,0.114,0.5,10.9132,50K,fixed_dollar,0.4,0.6,0.45,12.84
7cdc6b8a3aa1,1.25,0.75,0.0,0.0,False,370,0.5054,0.131,0.5,9.8935,50K,pct_balance,0.4,0.6,0.45,12.84
431ae8255033,1.25,0.75,0.0,0.0,True,165,0.4485,-0.0017,0.5,-1.4618,50K,fixed_dollar,0.2,0.6,0.277,13.15
ec4a7729312a,1.25,0.75,0.0,1.0,False,347,0.4986,0.1165,0.5,8.2858,50K,fixed_dollar,0.4,0.6,0.446,12.61
7919c06860d8,1.25,0.75,0.0,1.0,True,155,0.4387,-0.024,0.5,-2.2476,50K,pct_balance,0.2,0.6,0.258,13.93
6bbde73fb391,1.25,0.75,0.5,0.0,False,370,0.5054,0.131,0.5,9.8935,50K,pct_balance,0.4,0.6,0.45,13.93
0f6de3cb0411,1.25,0.75,0.5,0.0,True,165,0.4485,-0.0017,0.5,-1.4618,50K,fixed_dollar,0.2,0.6,0.277,13.52
66b64f864e8e,1.25,0.75,0.5,1.0,False,347,0.4986,0.1165,0.5,8.2858,50K,fixed_dollar,0.4,0.6,0.446,13.78
8bdea4162369,1.25,0.75,0.5,1.0,True,155,0.4387,-0.024,0.5,-2.2476,50K,pct_balance,0.2,0.6,0.258,13.51
4f35a42ace70,1.25,0.75,1.0,0.0,False,370,0.5054,0.131,0.5,9.8935,50K,pct_balance,0.4,0.6,0.45,13.88
d761dd745cf8,1.25,0.75,1.0,0.0,True,165,0.4485,-0.0017,0.5,-1.4618,50K,fixed_dollar,0.2,0.6,0.277,13.92
5d4adc41c67f,1.25,0.75,1.0,1.0,False,347,0.4986,0.1165,0.5,8.2858,50K,fixed_dollar,0.4,0.6,0.446,14.2
b8468bc68f48,1.25,0.75,1.0,1.0,True,155,0.4387,-0.024,0.5,-2.2476,50K,pct_balance,0.2,0.6,0.258,13.43
6dda9f633096,1.25,1.0,0.0,0.0,False,367,0.515,0.1569,0.5,13.5314,150K,pct_balance,0.4,0.4,0.398,13.73
8ed14f057f11,1.25,1.0,0.0,0.0,True,164,0.4817,0.0763,0.5,6.3498,50K,fixed_dollar,0.4,0.6,0.398,13.21
0e2fb99bda4f,1.25,1.0,0.0,1.0,False,347,0.5159,0.1572,0.5,13.942,50K,fixed_dollar,0.4,0.6,0.484,12.7
579ded79d1b0,1.25,1.0,0.0,1.0,True,155,0.4774,0.062,0.5,3.5114,50K,pct_balance,0.4,0.6,0.371,12.74
ec7fc9c6b078,1.25,1.0,0.5,0.0,False,367,0.515,0.1569,0.5,13.5314,150K,pct_balance,0.4,0.4,0.398,12.76
f7a0b5965419,1.25,1.0,0.5,0.0,True,164,0.4817,0.0763,0.5,6.3498,50K,fixed_dollar,0.4,0.6,0.398,12.66
57f3f841592b,1.25,1.0,0.5,1.0,False,347,0.5159,0.1572,0.5,13.942,50K,fixed_dollar,0.4,0.6,0.484,12.63
d880ac4d6713,1.25,1.0,0.5,1.0,True,155,0.4774,0.062,0.5,3.5114,50K,pct_balance,0.4,0.6,0.371,12.75
539b1bc7d73c,1.25,1.0,1.0,0.0,False,367,0.515,0.1569,0.5,13.5314,150K,pct_balance,0.4,0.4,0.398,12.7
d60eb8d9373d,1.25,1.0,1.0,0.0,True,164,0.4817,0.0763,0.5,6.3498,50K,fixed_dollar,0.4,0.6,0.398,12.96
d497036d55fe,1.25,1.0,1.0,1.0,False,347,0.5159,0.1572,0.5,13.942,50K,fixed_dollar,0.4,0.6,0.484,12.64
f5a025405d60,1.25,1.0,1.0,1.0,True,155,0.4774,0.062,0.5,3.5114,50K,pct_balance,0.4,0.6,0.371,13.12
b151fc656638,1.25,1.25,0.0,0.0,False,365,0.5068,0.1419,0.5,7.9058,50K,pct_balance,0.2,0.6,0.551,13.52
2e93ce1189cb,1.25,1.25,0.0,0.0,True,163,0.5031,0.1264,0.5,6.9919,50K,fixed_dollar,0.2,0.6,0.525,13.33
f53dcae2d558,1.25,1.25,0.0,1.0,False,345,0.5072,0.1401,0.5,10.0286,50K,fixed_dollar,0.4,0.6,0.444,13.35
265dfe49d092,1.25,1.25,0.0,1.0,True,154,0.5,0.1143,0.5,5.992,50K,fixed_dollar,0.2,0.6,0.498,13.34
65af7b48cd38,1.25,1.25,0.5,0.0,False,365,0.5068,0.1419,0.5,7.9058,50K,pct_balance,0.2,0.6,0.551,12.91
f2a8fe1121d6,1.25,1.25,0.5,0.0,True,163,0.5031,0.1264,0.5,6.9919,50K,fixed_dollar,0.2,0.6,0.525,12.89
275fcd2cf52a,1.25,1.25,0.5,1.0,False,345,0.5072,0.1401,0.5,10.0286,50K,fixed_dollar,0.4,0.6,0.444,13.06
b5a361254132,1.25,1.25,0.5,1.0,True,154,0.5,0.1143,0.5,5.992,50K,fixed_dollar,0.2,0.6,0.498,13.33
f8682705e280,1.25,1.25,1.0,0.0,False,365,0.5068,0.1419,0.5,7.9058,50K,pct_balance,0.2,0.6,0.551,12.65
d3c21fcad377,1.25,1.25,1.0,0.0,True,163,0.5031,0.1264,0.5,6.9919,50K,fixed_dollar,0.2,0.6,0.525,12.83
ae234c8cb87d,1.25,1.25,1.0,1.0,False,345,0.5072,0.1401,0.5,10.0286,50K,fixed_dollar,0.4,0.6,0.444,12.77
788667c903af,1.25,1.25,1.0,1.0,True,154,0.5,0.1143,0.5,5.992,50K,fixed_dollar,0.2,0.6,0.498,12.62
eabb74e31528,1.25,1.5,0.0,0.0,False,360,0.5083,0.1416,0.5,10.7567,50K,fixed_dollar,0.4,0.6,0.431,12.65
7cc5fd0e481c,1.25,1.5,0.0,0.0,True,160,0.5,0.1187,0.5,7.1486,50K,fixed_dollar,0.2,0.6,0.52,12.84
4a59ade680bc,1.25,1.5,0.0,1.0,False,341,0.5132,0.1511,0.5,11.3301,50K,pct_balance,0.4,0.6,0.445,12.45
856b4c2dbbc0,1.25,1.5,0.0,1.0,True,151,0.4967,0.1054,0.5,6.3839,50K,fixed_dollar,0.2,0.6,0.505,12.69
60adc4163ed9,1.25,1.5,0.5,0.0,False,360,0.5083,0.1416,0.5,10.7567,50K,fixed_dollar,0.4,0.6,0.431,12.9
7e63344d635e,1.25,1.5,0.5,0.0,True,160,0.5,0.1187,0.5,7.1486,50K,fixed_dollar,0.2,0.6,0.52,12.59
995f343c3331,1.25,1.5,0.5,1.0,False,341,0.5132,0.1511,0.5,11.3301,50K,pct_balance,0.4,0.6,0.445,12.78
8b202e380e35,1.25,1.5,0.5,1.0,True,151,0.4967,0.1054,0.5,6.3839,50K,fixed_dollar,0.2,0.6,0.505,12.6
192e624ae168,1.25,1.5,1.0,0.0,False,360,0.5083,0.1416,0.5,10.7567,50K,fixed_dollar,0.4,0.6,0.431,12.63
5bfc7af004f2,1.25,1.5,1.0,0.0,True,160,0.5,0.1187,0.5,7.1486,50K,fixed_dollar,0.2,0.6,0.52,12.61
06650a466cb3,1.25,1.5,1.0,1.0,False,341,0.5132,0.1511,0.5,11.3301,50K,pct_balance,0.4,0.6,0.445,12.4
402d075e6a45,1.25,1.5,1.0,1.0,True,151,0.4967,0.1054,0.5,6.3839,50K,fixed_dollar,0.2,0.6,0.505,12.79
2000861e7026,1.5,0.75,0.0,0.0,False,370,0.4703,0.1686,0.5,11.1507,150K,fixed_dollar,0.2,0.6,0.483,12.98
19233c78c50c,1.5,0.75,0.0,0.0,True,165,0.4121,0.0167,0.5,-0.2552,50K,fixed_dollar,0.2,0.6,0.319,12.34
2cc47a03e562,1.5,0.75,0.0,1.0,False,348,0.4684,0.1648,0.5,11.2282,50K,fixed_dollar,0.4,0.6,0.454,12.37
4c04df68294c,1.5,0.75,0.0,1.0,True,155,0.4065,0.0025,0.5,-0.7224,50K,pct_balance,0.2,0.6,0.309,12.53
d7c82f381ff1,1.5,0.75,0.5,0.0,False,370,0.4703,0.1686,0.5,11.1507,150K,fixed_dollar,0.2,0.6,0.483,12.59
e94635bf42f8,1.5,0.75,0.5,0.0,True,165,0.4121,0.0167,0.5,-0.2552,50K,fixed_dollar,0.2,0.6,0.319,12.53
fadea33405b5,1.5,0.75,0.5,1.0,False,348,0.4684,0.1648,0.5,11.2282,50K,fixed_dollar,0.4,0.6,0.454,12.72
5f6cec317eb2,1.5,0.75,0.5,1.0,True,155,0.4065,0.0025,0.5,-0.7224,50K,pct_balance,0.2,0.6,0.309,13.18
27e5640cf8e7,1.5,0.75,1.0,0.0,False,370,0.4703,0.1686,0.5,11.1507,150K,fixed_dollar,0.2,0.6,0.483,12.93
e2e1f28e694b,1.5,0.75,1.0,0.0,True,165,0.4121,0.0167,0.5,-0.2552,50K,fixed_dollar,0.2,0.6,0.319,12.47
fdc4fd3de791,1.5,0.75,1.0,1.0,False,348,0.4684,0.1648,0.5,11.2282,50K,fixed_dollar,0.4,0.6,0.454,12.66
82a380d0cda4,1.5,0.75,1.0,1.0,True,155,0.4065,0.0025,0.5,-0.7224,50K,pct_balance,0.2,0.6,0.309,12.61
d395b18f9952,1.5,1.0,0.0,0.0,False,368,0.4647,0.1547,0.5,10.3515,50K,fixed_dollar,0.2,0.6,0.565,12.84
426b6216136c,1.5,1.0,0.0,0.0,True,164,0.4329,0.0706,0.5,2.7115,50K,fixed_dollar,0.4,0.6,0.348,12.58
07eb2bfbd832,1.5,1.0,0.0,1.0,False,347,0.464,0.151,0.5,9.2278,50K,fixed_dollar,0.4,0.6,0.423,12.93
9c9638f59171,1.5,1.0,0.0,1.0,True,155,0.4258,0.0479,0.5,0.5037,50K,pct_balance,0.2,0.6,0.347,12.29
90e6241cf8bc,1.5,1.0,0.5,0.0,False,368,0.4647,0.1547,0.5,10.3515,50K,fixed_dollar,0.2,0.6,0.565,12.54
61f47ca8c2c4,1.5,1.0,0.5,0.0,True,164,0.4329,0.0706,0.5,2.7115,50K,fixed_dollar,0.4,0.6,0.348,12.61
c12597c96397,1.5,1.0,0.5,1.0,False,347,0.464,0.151,0.5,9.2278,50K,fixed_dollar,0.4,0.6,0.423,12.65
cbd9a1b2be82,1.5,1.0,0.5,1.0,True,155,0.4258,0.0479,0.5,0.5037,50K,pct_balance,0.2,0.6,0.347,12.68
516ea54fc768,1.5,1.0,1.0,0.0,False,368,0.4647,0.1547,0.5,10.3515,50K,fixed_dollar,0.2,0.6,0.565,12.54
6716153a281a,1.5,1.0,1.0,0.0,True,164,0.4329,0.0706,0.5,2.7115,50K,fixed_dollar,0.4,0.6,0.348,12.69
a239b8a490ce,1.5,1.0,1.0,1.0,False,347,0.464,0.151,0.5,9.2278,50K,fixed_dollar,0.4,0.6,0.423,12.58
7129b2f39d11,1.5,1.0,1.0,1.0,True,155,0.4258,0.0479,0.5,0.5037,50K,pct_balance,0.2,0.6,0.347,12.8
8166a8969b39,1.5,1.25,0.0,0.0,False,363,0.4628,0.1484,0.5,8.5645,50K,fixed_dollar,0.4,0.6,0.403,12.53
d24528ccc3ed,1.5,1.25,0.0,0.0,True,163,0.454,0.1192,0.5,5.1537,50K,fixed_dollar,0.2,0.6,0.475,12.58
07c9ba0b8b46,1.5,1.25,0.0,1.0,False,343,0.4636,0.1494,0.5,7.8719,50K,pct_balance,0.2,0.6,0.562,12.9
a6f23bd9aee7,1.5,1.25,0.0,1.0,True,154,0.4481,0.0983,0.5,3.1326,50K,fixed_dollar,0.2,0.6,0.431,12.01
0e06df6c9b11,1.5,1.25,0.5,0.0,False,363,0.4628,0.1484,0.5,8.5645,50K,fixed_dollar,0.4,0.6,0.403,12.21
212605151a65,1.5,1.25,0.5,0.0,True,163,0.454,0.1192,0.5,5.1537,50K,fixed_dollar,0.2,0.6,0.475,12.07
0c2a2a10929c,1.5,1.25,0.5,1.0,False,343,0.4636,0.1494,0.5,7.8719,50K,pct_balance,0.2,0.6,0.562,12.05
a727f898ad42,1.5,1.25,0.5,1.0,True,154,0.4481,0.0983,0.5,3.1326,50K,fixed_dollar,0.2,0.6,0.431,12.39
f40a9d2f8728,1.5,1.25,1.0,0.0,False,363,0.4628,0.1484,0.5,8.5645,50K,fixed_dollar,0.4,0.6,0.403,12.04
33daba47422a,1.5,1.25,1.0,0.0,True,163,0.454,0.1192,0.5,5.1537,50K,fixed_dollar,0.2,0.6,0.475,12.47
32e7383eae93,1.5,1.25,1.0,1.0,False,343,0.4636,0.1494,0.5,7.8719,50K,pct_balance,0.2,0.6,0.562,12.15
9e6fd0408fe6,1.5,1.25,1.0,1.0,True,154,0.4481,0.0983,0.5,3.1326,50K,fixed_dollar,0.2,0.6,0.431,12.24
663bf5e09c43,1.5,1.5,0.0,0.0,False,356,0.4522,0.122,0.5,7.1973,50K,fixed_dollar,0.2,0.6,0.505,12.58
cfbc5fc69ee1,1.5,1.5,0.0,0.0,True,157,0.4459,0.1052,0.5,4.2725,50K,fixed_dollar,0.2,0.6,0.45,12.64
e2618933b309,1.5,1.5,0.0,1.0,False,338,0.4497,0.1146,0.5,5.0897,50K,fixed_dollar,0.2,0.6,0.479,12.27
7c5327705dae,1.5,1.5,0.0,1.0,True,149,0.4362,0.075,0.5,1.6918,50K,fixed_dollar,0.2,0.6,0.378,12.15
c3d32433d74c,1.5,1.5,0.5,0.0,False,356,0.4522,0.122,0.5,7.1973,50K,fixed_dollar,0.2,0.6,0.505,12.36
7ba0754cf853,1.5,1.5,0.5,0.0,True,157,0.4459,0.1052,0.5,4.2725,50K,fixed_dollar,0.2,0.6,0.45,12.3
446baaa396e8,1.5,1.5,0.5,1.0,False,338,0.4497,0.1146,0.5,5.0897,50K,fixed_dollar,0.2,0.6,0.479,12.54
552e1070933c,1.5,1.5,0.5,1.0,True,149,0.4362,0.075,0.5,1.6918,50K,fixed_dollar,0.2,0.6,0.378,12.45
e4f76da11cf7,1.5,1.5,1.0,0.0,False,356,0.4522,0.122,0.5,7.1973,50K,fixed_dollar,0.2,0.6,0.505,12.37
688305702bdf,1.5,1.5,1.0,0.0,True,157,0.4459,0.1052,0.5,4.2725,50K,fixed_dollar,0.2,0.6,0.45,12.22
d3a668b52deb,1.5,1.5,1.0,1.0,False,338,0.4497,0.1146,0.5,5.0897,50K,fixed_dollar,0.2,0.6,0.479,12.31
a89c3d3a82c0,1.5,1.5,1.0,1.0,True,149,0.4362,0.075,0.5,1.6918,50K,fixed_dollar,0.2,0.6,0.378,12.18
